"","rawid","roi","volume","min","max","mean","std","type","level"
"1","kirby127a_3_1_ax.img","Telencephalon_L",531111,0,374,128.3013,51.8593,1,1
"2","kirby127a_3_1_ax.img","Telencephalon_R",543404,0,300,135.0683,53.6471,1,1
"3","kirby127a_3_1_ax.img","Diencephalon_L",9683,15,295,193.5488,32.2733,1,1
"4","kirby127a_3_1_ax.img","Diencephalon_R",9678,10,335,193.7051,32.7869,1,1
"5","kirby127a_3_1_ax.img","Mesencephalon",10268,55,307,230.8583,29.2249,1,1
"6","kirby127a_3_1_ax.img","Metencephalon",159402,2,299,138.52,52.2241,1,1
"7","kirby127a_3_1_ax.img","Myelencephalon",4973,12,286,199.8497,36.6501,1,1
"8","kirby127a_3_1_ax.img","CSF",109776,0,258,33.0193,26.3262,1,1
"9","kirby127a_3_1_ax.img","CerebralCortex_L",276965,0,249,88.5014,27.751,1,2
"10","kirby127a_3_1_ax.img","CerebralCortex_R",282858,0,295,93.7283,28.1726,1,2
"11","kirby127a_3_1_ax.img","CerebralNucli_L",12380,14,273,165.5364,28.7978,1,2
"12","kirby127a_3_1_ax.img","CerebralNucli_R",13073,16,273,168.7348,30.4016,1,2
"13","kirby127a_3_1_ax.img","Thalamus_L",6342,38,268,192.1482,24.4523,1,2
"14","kirby127a_3_1_ax.img","Thalamus_R",6372,34,265,194.3232,27.0116,1,2
"15","kirby127a_3_1_ax.img","BasalForebrain_L",3341,15,295,196.2076,43.278,1,2
"16","kirby127a_3_1_ax.img","BasalForebrain_R",3306,10,335,192.514,41.6949,1,2
"17","kirby127a_3_1_ax.img","Mesencephalon_L",4943,57,296,228.3875,27.4134,1,2
"18","kirby127a_3_1_ax.img","Mesencephalon_R",5325,55,307,233.1521,30.6334,1,2
"19","kirby127a_3_1_ax.img","Metencephalon_R",79910,2,299,144.9297,53.1512,1,2
"20","kirby127a_3_1_ax.img","Metencephalon_L",79493,3,275,132.0767,50.4612,1,2
"21","kirby127a_3_1_ax.img","Myelencephalon_L",2403,25,283,196.0509,37.1295,1,2
"22","kirby127a_3_1_ax.img","Myelencephalon_R",2571,12,286,203.4001,35.834,1,2
"23","kirby127a_3_1_ax.img","WhiteMatter_L",241767,2,374,171.9891,34.4828,1,2
"24","kirby127a_3_1_ax.img","WhiteMatter_R",247473,10,300,180.541,35.8129,1,2
"25","kirby127a_3_1_ax.img","Ventricle",45791,0,258,37.3184,34.2745,1,2
"26","kirby127a_3_1_ax.img","Sulcus_L",33971,0,137,29.4653,17.5085,1,2
"27","kirby127a_3_1_ax.img","Sulcus_R",30015,0,161,30.4828,18.6214,1,2
"28","kirby127a_3_1_ax.img","Frontal_L",98664,3,216,84.0761,26.2082,1,3
"29","kirby127a_3_1_ax.img","Frontal_R",98601,0,223,86.7462,24.5228,1,3
"30","kirby127a_3_1_ax.img","Parietal_L",41675,1,166,77.8193,22.4837,1,3
"31","kirby127a_3_1_ax.img","Parietal_R",47756,0,176,83.4276,24.1664,1,3
"32","kirby127a_3_1_ax.img","Temporal_L",63338,0,187,90.6359,24.3093,1,3
"33","kirby127a_3_1_ax.img","Temporal_R",61805,1,203,101.3945,25.6216,1,3
"34","kirby127a_3_1_ax.img","Limbic_L",30777,5,249,115.279,31.8381,1,3
"35","kirby127a_3_1_ax.img","Limbic_R",34931,5,295,115.0251,33.5186,1,3
"36","kirby127a_3_1_ax.img","Occipital_L",37254,1,188,86.5518,27.413,1,3
"37","kirby127a_3_1_ax.img","Occipital_R",35034,0,220,92.6425,29.3143,1,3
"38","kirby127a_3_1_ax.img","Insula_L",7241,10,209,102.3419,22.1017,1,3
"39","kirby127a_3_1_ax.img","Insula_R",7082,10,246,112.8027,24.011,1,3
"40","kirby127a_3_1_ax.img","BasalGang_L",10397,14,273,170.1155,28.0932,1,3
"41","kirby127a_3_1_ax.img","BasalGang_R",10725,16,273,172.6275,30.8627,1,3
"42","kirby127a_3_1_ax.img","Thalamus_L",6342,38,268,192.1482,24.4523,1,3
"43","kirby127a_3_1_ax.img","Thalamus_R",6372,34,265,194.3232,27.0116,1,3
"44","kirby127a_3_1_ax.img","BasalForebrain_L",3341,15,295,196.2076,43.278,1,3
"45","kirby127a_3_1_ax.img","BasalForebrain_R",3306,10,335,192.514,41.6949,1,3
"46","kirby127a_3_1_ax.img","midbrain_L",4943,57,296,228.3875,27.4134,1,3
"47","kirby127a_3_1_ax.img","midbrain_R",5325,55,307,233.1521,30.6334,1,3
"48","kirby127a_3_1_ax.img","Cerebellum_R",71877,2,265,135.6437,46.9902,1,3
"49","kirby127a_3_1_ax.img","Cerebellum_L",72003,3,250,122.9753,43.0713,1,3
"50","kirby127a_3_1_ax.img","Pons_L",7491,35,275,219.5655,27.2021,1,3
"51","kirby127a_3_1_ax.img","Pons_R",8033,61,299,228.0194,25.8863,1,3
"52","kirby127a_3_1_ax.img","Medulla_L",2403,25,283,196.0509,37.1295,1,3
"53","kirby127a_3_1_ax.img","Medulla_R",2571,12,286,203.4001,35.834,1,3
"54","kirby127a_3_1_ax.img","AnteriorWM_L",87012,9,374,172.239,33.3689,1,3
"55","kirby127a_3_1_ax.img","AnteriorWM_R",91755,11,278,172.5715,31.9999,1,3
"56","kirby127a_3_1_ax.img","PosteriorWM_L",70431,2,254,155.9679,28.4589,1,3
"57","kirby127a_3_1_ax.img","PosteriorWM_R",71552,15,278,169.6777,32.2965,1,3
"58","kirby127a_3_1_ax.img","CorpusCallosum_L",12130,15,304,211.2458,31.5447,1,3
"59","kirby127a_3_1_ax.img","CorpusCallosum_R",13167,11,300,216.209,32.539,1,3
"60","kirby127a_3_1_ax.img","InferiorWM_L",57873,11,278,178.9045,32.4474,1,3
"61","kirby127a_3_1_ax.img","InferiorWM_R",57299,10,285,195.5827,34.5442,1,3
"62","kirby127a_3_1_ax.img","LimbicWM_L",14322,13,276,188.0661,34.7571,1,3
"63","kirby127a_3_1_ax.img","LimbicWM_R",13702,14,287,193.4625,38.4176,1,3
"64","kirby127a_3_1_ax.img","LateralVentricle_L",21332,0,258,31.7147,29.8467,1,3
"65","kirby127a_3_1_ax.img","LateralVentricle_R",19342,0,245,35.2398,33.2871,1,3
"66","kirby127a_3_1_ax.img","III_ventricle",2418,6,214,73.2938,35.4151,1,3
"67","kirby127a_3_1_ax.img","FrontSul_L",15004,0,116,28.9511,16.5722,1,3
"68","kirby127a_3_1_ax.img","FrontSul_R",11232,0,99,27.6766,17.3101,1,3
"69","kirby127a_3_1_ax.img","CentralSul_L",2159,0,92,25.2674,15.2438,1,3
"70","kirby127a_3_1_ax.img","CentralSul_R",1750,1,91,31.6001,17.4947,1,3
"71","kirby127a_3_1_ax.img","SylvianFissureExt_L",3826,0,137,30.7535,19.2084,1,3
"72","kirby127a_3_1_ax.img","SylvianFissureExt_R",2925,1,132,35.2803,19.9569,1,3
"73","kirby127a_3_1_ax.img","ParietSul_L",8739,0,88,27.4541,16.8708,1,3
"74","kirby127a_3_1_ax.img","ParietSul_R",9728,0,98,28.8671,18.0696,1,3
"75","kirby127a_3_1_ax.img","CinguSul_L",1173,1,103,45.2682,19.012,1,3
"76","kirby127a_3_1_ax.img","CinguSul_R",1419,1,133,42.3173,21.0417,1,3
"77","kirby127a_3_1_ax.img","OcciptSul_L",1934,0,112,32.0993,19.2229,1,3
"78","kirby127a_3_1_ax.img","OcciptSul_R",2054,0,120,34.54,19.996,1,3
"79","kirby127a_3_1_ax.img","TempSul_L",1139,1,97,34.5616,17.1574,1,3
"80","kirby127a_3_1_ax.img","TempSul_R",910,2,161,37.2256,16.8987,1,3
"81","kirby127a_3_1_ax.img","IV_ventricle",2700,3,227,64.2627,40.7481,1,3
"82","kirby127a_3_1_ax.img","SFG_L",28786,4,193,78.3376,23.2245,1,4
"83","kirby127a_3_1_ax.img","SFG_R",26430,4,175,79.9855,22.7429,1,4
"84","kirby127a_3_1_ax.img","MFG_L",26237,4,189,78.5728,23.3372,1,4
"85","kirby127a_3_1_ax.img","MFG_R",27599,0,182,82.2355,21.5985,1,4
"86","kirby127a_3_1_ax.img","IFG_L",13080,7,183,87.5619,23.9278,1,4
"87","kirby127a_3_1_ax.img","IFG_R",11608,3,182,90.0031,22.1508,1,4
"88","kirby127a_3_1_ax.img","OG_L",9513,3,216,106.6316,28.3897,1,4
"89","kirby127a_3_1_ax.img","OG_R",9233,9,207,105.5468,24.9794,1,4
"90","kirby127a_3_1_ax.img","RG_L",6304,6,213,107.7967,26.8517,1,4
"91","kirby127a_3_1_ax.img","RG_R",6209,6,223,108.1635,25.0899,1,4
"92","kirby127a_3_1_ax.img","PoCG_L",10698,3,151,77.1192,22.3556,1,4
"93","kirby127a_3_1_ax.img","PoCG_R",11178,3,175,82.43,24.1229,1,4
"94","kirby127a_3_1_ax.img","PrCG_L",14746,3,177,77.2872,22.2285,1,4
"95","kirby127a_3_1_ax.img","PrCG_R",17523,4,173,84.3954,23.018,1,4
"96","kirby127a_3_1_ax.img","SPG_L",7564,1,157,79.3349,22.6782,1,4
"97","kirby127a_3_1_ax.img","SPG_R",6928,13,173,84.7121,23.4871,1,4
"98","kirby127a_3_1_ax.img","SMG_L",8626,1,160,76.9878,22.8247,1,4
"99","kirby127a_3_1_ax.img","SMG_R",9497,0,169,83.9725,23.8536,1,4
"100","kirby127a_3_1_ax.img","AG_L",7430,4,159,75.3894,21.2562,1,4
"101","kirby127a_3_1_ax.img","AG_R",13580,1,173,83.2116,25.0679,1,4
"102","kirby127a_3_1_ax.img","PrCu_L",7359,2,166,80.7071,22.8638,1,4
"103","kirby127a_3_1_ax.img","PrCu_R",6574,5,176,83.4294,23.404,1,4
"104","kirby127a_3_1_ax.img","STG_L",17820,0,187,88.667,25.1753,1,4
"105","kirby127a_3_1_ax.img","STG_R",16656,1,203,98.2352,26.7454,1,4
"106","kirby127a_3_1_ax.img","MTG_L",18933,2,182,85.4154,22.3409,1,4
"107","kirby127a_3_1_ax.img","MTG_R",19300,10,196,95.1683,22.6311,1,4
"108","kirby127a_3_1_ax.img","ITG_L",12554,6,181,91.3886,21.9241,1,4
"109","kirby127a_3_1_ax.img","ITG_R",12336,5,192,104.4645,22.9659,1,4
"110","kirby127a_3_1_ax.img","Limbic_L",2180,10,214,136.1063,26.5884,1,4
"111","kirby127a_3_1_ax.img","Limbic_R",2289,15,245,145.4405,29.0752,1,4
"112","kirby127a_3_1_ax.img","FuG_L",14032,3,185,99.507,25.262,1,4
"113","kirby127a_3_1_ax.img","FuG_R",13514,5,203,111.3783,27.0532,1,4
"114","kirby127a_3_1_ax.img","SOG_L",2568,9,156,86.7565,25.0902,1,4
"115","kirby127a_3_1_ax.img","SOG_R",2268,10,163,91.7519,25.9903,1,4
"116","kirby127a_3_1_ax.img","MOG_L",16292,1,165,78.8365,23.3805,1,4
"117","kirby127a_3_1_ax.img","MOG_R",14164,3,181,86.7827,25.6074,1,4
"118","kirby127a_3_1_ax.img","IOG_L",4290,3,153,81.4912,24.1283,1,4
"119","kirby127a_3_1_ax.img","IOG_R",4475,4,181,93.0126,26.725,1,4
"120","kirby127a_3_1_ax.img","Cu_L",6038,2,169,90.1069,27.1677,1,4
"121","kirby127a_3_1_ax.img","Cu_R",6839,3,184,90.1481,29.7775,1,4
"122","kirby127a_3_1_ax.img","LG_L",8068,4,188,102.0968,30.3152,1,4
"123","kirby127a_3_1_ax.img","LG_R",7289,0,220,106.4198,33.3593,1,4
"124","kirby127a_3_1_ax.img","Cingulate_L",22643,5,249,106.7829,29.9665,1,4
"125","kirby127a_3_1_ax.img","Cingulate_R",26516,5,295,104.6145,28.7477,1,4
"126","kirby127a_3_1_ax.img","Insula_L",7241,10,209,102.3419,22.1017,1,4
"127","kirby127a_3_1_ax.img","Insula_R",7082,10,246,112.8027,24.011,1,4
"128","kirby127a_3_1_ax.img","Amyg_L",1983,42,240,141.5206,18.7834,1,4
"129","kirby127a_3_1_ax.img","Amyg_R",2349,34,259,150.9581,20.25,1,4
"130","kirby127a_3_1_ax.img","Hippo_L",3972,11,235,139.1885,24.6245,1,4
"131","kirby127a_3_1_ax.img","Hippo_R",3779,28,260,147.3239,25.5617,1,4
"132","kirby127a_3_1_ax.img","Caud_L",3570,14,235,157.0807,24.181,1,4
"133","kirby127a_3_1_ax.img","Caud_R",3723,24,246,154.5006,22.5121,1,4
"134","kirby127a_3_1_ax.img","Put_L",4385,114,236,169.1809,15.062,1,4
"135","kirby127a_3_1_ax.img","Put_R",4400,87,240,173.2425,16.658,1,4
"136","kirby127a_3_1_ax.img","GP_L",1368,150,273,217.7404,14.0643,1,4
"137","kirby127a_3_1_ax.img","GP_R",1478,168,273,225.6158,12.9086,1,4
"138","kirby127a_3_1_ax.img","Thalamus_L",6342,38,268,192.1482,24.4523,1,4
"139","kirby127a_3_1_ax.img","Thalamus_R",6372,34,265,194.3232,27.0116,1,4
"140","kirby127a_3_1_ax.img","BasalForebrain_L",4053,15,295,191.4596,41.1486,1,4
"141","kirby127a_3_1_ax.img","BasalForebrain_R",4088,10,335,188.2516,39.8065,1,4
"142","kirby127a_3_1_ax.img","midbrain_L",4943,57,296,228.3875,27.4134,1,4
"143","kirby127a_3_1_ax.img","midbrain_R",5325,55,307,233.1521,30.6334,1,4
"144","kirby127a_3_1_ax.img","Cerebellum_R",58504,2,255,119.9705,35.187,1,4
"145","kirby127a_3_1_ax.img","Cerebellum_L",59435,3,235,109.3871,32.748,1,4
"146","kirby127a_3_1_ax.img","Pons_L",7491,35,275,219.5655,27.2021,1,4
"147","kirby127a_3_1_ax.img","Pons_R",8033,61,299,228.0194,25.8863,1,4
"148","kirby127a_3_1_ax.img","Medulla_L",2403,25,283,196.0509,37.1295,1,4
"149","kirby127a_3_1_ax.img","Medulla_R",2571,12,286,203.4001,35.834,1,4
"150","kirby127a_3_1_ax.img","ant_DPWM_L",26423,115,257,199.0605,17.4033,1,4
"151","kirby127a_3_1_ax.img","ant_DPWM_R",27905,111,263,200.1018,14.8424,1,4
"152","kirby127a_3_1_ax.img","post_DPWM_L",4400,149,227,188.3852,9.3191,1,4
"153","kirby127a_3_1_ax.img","post_DPWM_R",3772,144,235,207.4219,9.151,1,4
"154","kirby127a_3_1_ax.img","GCC_L",2584,40,304,227.1393,26.4686,1,4
"155","kirby127a_3_1_ax.img","GCC_R",2748,59,300,223.6642,27.0979,1,4
"156","kirby127a_3_1_ax.img","BCC_L",4120,26,260,199.8736,31.9456,1,4
"157","kirby127a_3_1_ax.img","BCC_R",4487,11,258,200.8171,34.7113,1,4
"158","kirby127a_3_1_ax.img","SCC_L",5427,15,280,212.3123,29.9394,1,4
"159","kirby127a_3_1_ax.img","SCC_R",5932,45,281,224.3979,28.7507,1,4
"160","kirby127a_3_1_ax.img","PVA_posterior_L",1176,2,225,130.2765,46.0571,1,4
"161","kirby127a_3_1_ax.img","PVA_posterior_R",1041,10,232,135.3137,51.6633,1,4
"162","kirby127a_3_1_ax.img","ALIC_L",2344,142,278,222.3963,21.9805,1,4
"163","kirby127a_3_1_ax.img","ALIC_R",2528,131,263,222.2013,18.3836,1,4
"164","kirby127a_3_1_ax.img","PLIC_L",3389,144,266,215.1944,16.9224,1,4
"165","kirby127a_3_1_ax.img","PLIC_R",3297,160,271,223.3895,14.5145,1,4
"166","kirby127a_3_1_ax.img","inf_DPWM_L",19131,38,261,187.1356,25.399,1,4
"167","kirby127a_3_1_ax.img","inf_DPWM_R",18142,62,285,209.29,29.4552,1,4
"168","kirby127a_3_1_ax.img","CGC_L",3135,95,244,195.9571,27.1542,1,4
"169","kirby127a_3_1_ax.img","CGC_R",3563,81,252,195.0303,28.8304,1,4
"170","kirby127a_3_1_ax.img","CGH_L",1811,108,264,207.7913,27.9957,1,4
"171","kirby127a_3_1_ax.img","CGH_R",1725,122,281,217.81,32.441,1,4
"172","kirby127a_3_1_ax.img","Fx/ST_L",1425,71,263,198.5088,28.5076,1,4
"173","kirby127a_3_1_ax.img","Fx/ST_R",1438,45,287,216.0526,32.7371,1,4
"174","kirby127a_3_1_ax.img","Fx_L",903,13,276,152.1463,59.3877,1,4
"175","kirby127a_3_1_ax.img","Fx_R",996,14,277,150.4217,56.4963,1,4
"176","kirby127a_3_1_ax.img","PeripheralParietalWM_L",33441,55,217,154.8766,27.2119,1,4
"177","kirby127a_3_1_ax.img","PeripheralParietalWM_R",36387,61,234,166.1046,31.1126,1,4
"178","kirby127a_3_1_ax.img","AnteriorLateralVentricle_L",15521,0,258,30.9837,28.0516,1,4
"179","kirby127a_3_1_ax.img","PosteriorLateralVentricle_L",4977,0,230,27.4741,27.9549,1,4
"180","kirby127a_3_1_ax.img","InferiorLateralVentricle_L",834,1,193,70.623,42.9697,1,4
"181","kirby127a_3_1_ax.img","AnteriorLateralVentricle_R",14214,0,224,33.2512,29.4885,1,4
"182","kirby127a_3_1_ax.img","PosteriorLateralVentricle_R",4220,0,245,33.9477,36.6156,1,4
"183","kirby127a_3_1_ax.img","InferiorLateralVentricle_R",909,0,242,72.3567,48.0762,1,4
"184","kirby127a_3_1_ax.img","III_ventricle",2418,6,214,73.2938,35.4151,1,4
"185","kirby127a_3_1_ax.img","PVA_anterior_L",836,9,237,150.2299,45.2199,1,4
"186","kirby127a_3_1_ax.img","PVA_anterior_R",867,11,218,152.7687,38.5678,1,4
"187","kirby127a_3_1_ax.img","PeripheralFrontalWM_L",59754,63,374,160.6863,31.6318,1,4
"188","kirby127a_3_1_ax.img","PeripheralFrontalWM_R",62984,61,278,160.6465,29.8379,1,4
"189","kirby127a_3_1_ax.img","PeripheralTemporalWM_L",32619,63,258,167.756,30.6034,1,4
"190","kirby127a_3_1_ax.img","PeripheralTemporalWM_R",32943,43,275,183.8333,33.3479,1,4
"191","kirby127a_3_1_ax.img","PeripheralOccipitalWM_L",31806,35,254,153.2748,27.9075,1,4
"192","kirby127a_3_1_ax.img","PeripheralOccipitalWM_R",30744,66,278,170.1002,31.5486,1,4
"193","kirby127a_3_1_ax.img","PeripheralCingulateWM_L",7050,56,267,181.9792,30.9439,1,4
"194","kirby127a_3_1_ax.img","PeripheralCingulateWM_R",5981,85,266,187.2464,33.9306,1,4
"195","kirby127a_3_1_ax.img","CerebellumWM_R",13373,84,265,204.2113,25.9861,1,4
"196","kirby127a_3_1_ax.img","CerebellumWM_L",12568,70,250,187.2366,23.5368,1,4
"197","kirby127a_3_1_ax.img","FrontSul_L",15004,0,116,28.9511,16.5722,1,4
"198","kirby127a_3_1_ax.img","FrontSul_R",11232,0,99,27.6766,17.3101,1,4
"199","kirby127a_3_1_ax.img","CentralSul_L",2159,0,92,25.2674,15.2438,1,4
"200","kirby127a_3_1_ax.img","CentralSul_R",1750,1,91,31.6001,17.4947,1,4
"201","kirby127a_3_1_ax.img","SylFrontSul_L",1589,1,137,33.0325,20.1865,1,4
"202","kirby127a_3_1_ax.img","SylFrontSul_R",1175,2,108,35.8887,19.6852,1,4
"203","kirby127a_3_1_ax.img","SylTempSul_L",1598,1,135,31.4974,18.8025,1,4
"204","kirby127a_3_1_ax.img","SylTempSul_R",1462,1,132,36.069,20.6196,1,4
"205","kirby127a_3_1_ax.img","SylParieSul_L",640,0,69,23.2345,15.5229,1,4
"206","kirby127a_3_1_ax.img","SylParieSul_R",288,1,68,28.7958,16.0944,1,4
"207","kirby127a_3_1_ax.img","ParietSul_L",8739,0,88,27.4541,16.8708,1,4
"208","kirby127a_3_1_ax.img","ParietSul_R",9728,0,98,28.8671,18.0696,1,4
"209","kirby127a_3_1_ax.img","CinguSul_L",1173,1,103,45.2682,19.012,1,4
"210","kirby127a_3_1_ax.img","CinguSul_R",1419,1,133,42.3173,21.0417,1,4
"211","kirby127a_3_1_ax.img","OcciptSul_L",1934,0,112,32.0993,19.2229,1,4
"212","kirby127a_3_1_ax.img","OcciptSul_R",2054,0,120,34.54,19.996,1,4
"213","kirby127a_3_1_ax.img","TempSul_L",1139,1,97,34.5616,17.1574,1,4
"214","kirby127a_3_1_ax.img","TempSul_R",910,2,161,37.2256,16.8987,1,4
"215","kirby127a_3_1_ax.img","Caudate_tail_L",363,45,222,131.9139,34.6275,1,4
"216","kirby127a_3_1_ax.img","Caudate_tail_R",345,16,248,138.892,44.368,1,4
"217","kirby127a_3_1_ax.img","IV_ventricle",2700,3,227,64.2627,40.7481,1,4
"218","kirby127a_3_1_ax.img","SFG_L",12926,9,164,71.9072,19.7198,1,5
"219","kirby127a_3_1_ax.img","SFG_R",10050,4,150,72.2947,18.3014,1,5
"220","kirby127a_3_1_ax.img","SFG_PFC_L",12783,4,175,81.7278,22.9621,1,5
"221","kirby127a_3_1_ax.img","SFG_PFC_R",11507,6,166,81.4893,21.7903,1,5
"222","kirby127a_3_1_ax.img","SFG_pole_L",3078,8,193,91.262,28.8671,1,5
"223","kirby127a_3_1_ax.img","SFG_pole_R",4874,7,175,92.2952,26.7301,1,5
"224","kirby127a_3_1_ax.img","MFG_L",9938,4,153,72.9425,20.3322,1,5
"225","kirby127a_3_1_ax.img","MFG_R",11151,14,167,79.0587,20.625,1,5
"226","kirby127a_3_1_ax.img","MFG_DPFC_L",16300,4,189,82.0054,24.3623,1,5
"227","kirby127a_3_1_ax.img","MFG_DPFC_R",16449,0,182,84.3891,21.9745,1,5
"228","kirby127a_3_1_ax.img","IFG_opercularis_L",4229,9,164,83.6382,22.4789,1,5
"229","kirby127a_3_1_ax.img","IFG_opercularis_R",4084,10,166,88.3309,21.6525,1,5
"230","kirby127a_3_1_ax.img","IFG_orbitalis_L",4551,7,183,90.6411,25.1378,1,5
"231","kirby127a_3_1_ax.img","IFG_orbitalis_R",3868,8,172,92.0441,23.2313,1,5
"232","kirby127a_3_1_ax.img","IFG_triangularis_L",4301,10,180,88.1621,23.4587,1,5
"233","kirby127a_3_1_ax.img","IFG_triangularis_R",3657,3,182,89.7118,21.3437,1,5
"234","kirby127a_3_1_ax.img","LFOG_L",4700,9,190,100.9484,26.6357,1,5
"235","kirby127a_3_1_ax.img","LFOG_R",4490,9,188,101.4844,23.2706,1,5
"236","kirby127a_3_1_ax.img","MFOG_L",4814,3,216,112.1803,28.9462,1,5
"237","kirby127a_3_1_ax.img","MFOG_R",4744,15,207,109.3913,25.9153,1,5
"238","kirby127a_3_1_ax.img","RG_L",6304,6,213,107.7967,26.8517,1,5
"239","kirby127a_3_1_ax.img","RG_R",6209,6,223,108.1635,25.0899,1,5
"240","kirby127a_3_1_ax.img","PoCG_L",10698,3,151,77.1192,22.3556,1,5
"241","kirby127a_3_1_ax.img","PoCG_R",11178,3,175,82.43,24.1229,1,5
"242","kirby127a_3_1_ax.img","PrCG_L",14746,3,177,77.2872,22.2285,1,5
"243","kirby127a_3_1_ax.img","PrCG_R",17523,4,173,84.3954,23.018,1,5
"244","kirby127a_3_1_ax.img","SPG_L",7564,1,157,79.3349,22.6782,1,5
"245","kirby127a_3_1_ax.img","SPG_R",6928,13,173,84.7121,23.4871,1,5
"246","kirby127a_3_1_ax.img","SMG_L",8626,1,160,76.9878,22.8247,1,5
"247","kirby127a_3_1_ax.img","SMG_R",9497,0,169,83.9725,23.8536,1,5
"248","kirby127a_3_1_ax.img","AG_L",7430,4,159,75.3894,21.2562,1,5
"249","kirby127a_3_1_ax.img","AG_R",13580,1,173,83.2116,25.0679,1,5
"250","kirby127a_3_1_ax.img","PrCu_L",7359,2,166,80.7071,22.8638,1,5
"251","kirby127a_3_1_ax.img","PrCu_R",6574,5,176,83.4294,23.404,1,5
"252","kirby127a_3_1_ax.img","STG_L",12957,0,187,86.3773,25.7515,1,5
"253","kirby127a_3_1_ax.img","STG_R",11253,3,203,98.7701,27.9695,1,5
"254","kirby127a_3_1_ax.img","STG_L_pole",4864,5,179,94.7666,22.4599,1,5
"255","kirby127a_3_1_ax.img","STG_R_pole",5404,1,185,97.1213,23.9583,1,5
"256","kirby127a_3_1_ax.img","MTG_L",16238,2,181,83.2269,21.6707,1,5
"257","kirby127a_3_1_ax.img","MTG_R",16311,10,196,93.5746,22.4688,1,5
"258","kirby127a_3_1_ax.img","MTG_L_pole",2696,19,182,98.6002,21.7745,1,5
"259","kirby127a_3_1_ax.img","MTG_R_pole",2990,20,175,103.8639,21.5087,1,5
"260","kirby127a_3_1_ax.img","ITG_L",12554,6,181,91.3886,21.9241,1,5
"261","kirby127a_3_1_ax.img","ITG_R",12336,5,192,104.4645,22.9659,1,5
"262","kirby127a_3_1_ax.img","PHG_L",1250,32,214,135.2911,27.5007,1,5
"263","kirby127a_3_1_ax.img","PHG_R",1248,15,245,145.8221,30.5832,1,5
"264","kirby127a_3_1_ax.img","ENT_L",930,10,211,137.2013,25.2699,1,5
"265","kirby127a_3_1_ax.img","ENT_R",1041,40,234,144.9827,27.1491,1,5
"266","kirby127a_3_1_ax.img","FuG_L",14032,3,185,99.507,25.262,1,5
"267","kirby127a_3_1_ax.img","FuG_R",13514,5,203,111.3783,27.0532,1,5
"268","kirby127a_3_1_ax.img","SOG_L",2568,9,156,86.7565,25.0902,1,5
"269","kirby127a_3_1_ax.img","SOG_R",2268,10,163,91.7519,25.9903,1,5
"270","kirby127a_3_1_ax.img","MOG_L",16292,1,165,78.8365,23.3805,1,5
"271","kirby127a_3_1_ax.img","MOG_R",14164,3,181,86.7827,25.6074,1,5
"272","kirby127a_3_1_ax.img","IOG_L",4290,3,153,81.4912,24.1283,1,5
"273","kirby127a_3_1_ax.img","IOG_R",4475,4,181,93.0126,26.725,1,5
"274","kirby127a_3_1_ax.img","Cu_L",6038,2,169,90.1069,27.1677,1,5
"275","kirby127a_3_1_ax.img","Cu_R",6839,3,184,90.1481,29.7775,1,5
"276","kirby127a_3_1_ax.img","LG_L",8068,4,188,102.0968,30.3152,1,5
"277","kirby127a_3_1_ax.img","LG_R",7289,0,220,106.4198,33.3593,1,5
"278","kirby127a_3_1_ax.img","rostral_ACC_L",2628,9,187,102.6055,21.1045,1,5
"279","kirby127a_3_1_ax.img","rostral_ACC_R",3638,23,193,101.4078,24.6148,1,5
"280","kirby127a_3_1_ax.img","subcallosal_ACC_L",471,10,236,137.5026,35.0901,1,5
"281","kirby127a_3_1_ax.img","subcallosal_ACC_R",598,22,216,120.0582,24.6328,1,5
"282","kirby127a_3_1_ax.img","subgenual_ACC_L",1545,18,249,150.5167,35.4341,1,5
"283","kirby127a_3_1_ax.img","subgenual_ACC_R",1618,27,295,140.8056,38.4368,1,5
"284","kirby127a_3_1_ax.img","dorsal_ACC_L",12282,15,200,97.9694,24.7285,1,5
"285","kirby127a_3_1_ax.img","dorsal_ACC_R",12545,7,205,96.4641,23.6184,1,5
"286","kirby127a_3_1_ax.img","PCC_L",5718,5,215,113.2942,28.0334,1,5
"287","kirby127a_3_1_ax.img","PCC_R",8118,5,240,110.2979,28.4369,1,5
"288","kirby127a_3_1_ax.img","Insula_L",7241,10,209,102.3419,22.1017,1,5
"289","kirby127a_3_1_ax.img","Insula_R",7082,10,246,112.8027,24.011,1,5
"290","kirby127a_3_1_ax.img","Amyg_L",1983,42,240,141.5206,18.7834,1,5
"291","kirby127a_3_1_ax.img","Amyg_R",2349,34,259,150.9581,20.25,1,5
"292","kirby127a_3_1_ax.img","Hippo_L",3923,11,235,138.6663,24.046,1,5
"293","kirby127a_3_1_ax.img","Hippo_R",3735,28,260,146.8274,25.184,1,5
"294","kirby127a_3_1_ax.img","Caud_L",3570,14,235,157.0807,24.181,1,5
"295","kirby127a_3_1_ax.img","Caud_R",3723,24,246,154.5006,22.5121,1,5
"296","kirby127a_3_1_ax.img","Put_L",4385,114,236,169.1809,15.062,1,5
"297","kirby127a_3_1_ax.img","Put_R",4400,87,240,173.2425,16.658,1,5
"298","kirby127a_3_1_ax.img","GP_L",1368,150,273,217.7404,14.0643,1,5
"299","kirby127a_3_1_ax.img","GP_R",1478,168,273,225.6158,12.9086,1,5
"300","kirby127a_3_1_ax.img","Thalamus_L",6342,38,268,192.1482,24.4523,1,5
"301","kirby127a_3_1_ax.img","Thalamus_R",6372,34,265,194.3232,27.0116,1,5
"302","kirby127a_3_1_ax.img","HypoThalamus_L",665,85,260,183.7545,29.3965,1,5
"303","kirby127a_3_1_ax.img","HypoThalamus_R",761,73,265,188.7303,28.6582,1,5
"304","kirby127a_3_1_ax.img","BasalForebrain_L",406,132,271,204.1065,31.9136,1,5
"305","kirby127a_3_1_ax.img","BasalForebrain_R",410,119,274,200.3666,29.9819,1,5
"306","kirby127a_3_1_ax.img","NucAccumbens_L",712,113,229,169.1686,15.699,1,5
"307","kirby127a_3_1_ax.img","NucAccumbens_R",782,42,253,170.2135,23.043,1,5
"308","kirby127a_3_1_ax.img","RedNc_L",350,220,277,251.1924,10.1377,1,5
"309","kirby127a_3_1_ax.img","RedNc_R",430,222,281,254.4944,10.2155,1,5
"310","kirby127a_3_1_ax.img","Snigra_L",387,209,270,246.6925,10.0252,1,5
"311","kirby127a_3_1_ax.img","Snigra_R",256,231,280,252.3991,9.9753,1,5
"312","kirby127a_3_1_ax.img","CerebellumGM_R",58504,2,255,119.9705,35.187,1,5
"313","kirby127a_3_1_ax.img","CerebellumGM_L",59435,3,235,109.3871,32.748,1,5
"314","kirby127a_3_1_ax.img","CP_L",1935,83,296,234.9324,24.3014,1,5
"315","kirby127a_3_1_ax.img","CP_R",2014,106,307,245.0113,24.5482,1,5
"316","kirby127a_3_1_ax.img","Midbrain_L",2273,57,290,216.2012,27.8744,1,5
"317","kirby127a_3_1_ax.img","Midbrain_R",2626,55,302,218.6915,31.4087,1,5
"318","kirby127a_3_1_ax.img","CST_L",1569,191,273,232.1959,12.6214,1,5
"319","kirby127a_3_1_ax.img","CST_R",1427,186,283,240.4037,12.803,1,5
"320","kirby127a_3_1_ax.img","SCP_L",954,41,252,196.2579,37.886,1,5
"321","kirby127a_3_1_ax.img","SCP_R",1040,67,280,210.3764,33.7622,1,5
"322","kirby127a_3_1_ax.img","MCP_L",2897,35,275,214.7759,29.0789,1,5
"323","kirby127a_3_1_ax.img","MCP_R",2997,61,299,227.6464,29.201,1,5
"324","kirby127a_3_1_ax.img","PCT_L",964,198,273,236.0946,12.7477,1,5
"325","kirby127a_3_1_ax.img","PCT_R",852,203,293,242.1155,13.1206,1,5
"326","kirby127a_3_1_ax.img","ICP_L",892,109,252,210.0175,17.4469,1,5
"327","kirby127a_3_1_ax.img","ICP_R",926,106,272,213.7367,23.432,1,5
"328","kirby127a_3_1_ax.img","ML_L",842,172,253,219.7118,11.9019,1,5
"329","kirby127a_3_1_ax.img","ML_R",1071,167,266,228.213,12.4903,1,5
"330","kirby127a_3_1_ax.img","Pons_L",267,103,255,220.5045,19.3483,1,5
"331","kirby127a_3_1_ax.img","Pons_R",648,136,255,211.9167,18.2389,1,5
"332","kirby127a_3_1_ax.img","Medulla_L",1511,25,283,187.8086,42.7725,1,5
"333","kirby127a_3_1_ax.img","Medulla_R",1646,12,286,197.5872,40.0443,1,5
"334","kirby127a_3_1_ax.img","ACR_L",12600,115,257,209.7654,15.5047,1,5
"335","kirby127a_3_1_ax.img","ACR_R",13280,111,263,207.1446,14.8925,1,5
"336","kirby127a_3_1_ax.img","SCR_L",13461,118,240,188.9013,12.0331,1,5
"337","kirby127a_3_1_ax.img","SCR_R",14350,148,244,193.7092,11.188,1,5
"338","kirby127a_3_1_ax.img","PCR_L",4400,149,227,188.3852,9.3191,1,5
"339","kirby127a_3_1_ax.img","PCR_R",3772,144,235,207.4219,9.151,1,5
"340","kirby127a_3_1_ax.img","GCC_L",2584,40,304,227.1393,26.4686,1,5
"341","kirby127a_3_1_ax.img","GCC_R",2748,59,300,223.6642,27.0979,1,5
"342","kirby127a_3_1_ax.img","BCC_L",4120,26,260,199.8736,31.9456,1,5
"343","kirby127a_3_1_ax.img","BCC_R",4487,11,258,200.8171,34.7113,1,5
"344","kirby127a_3_1_ax.img","SCC_L",5427,15,280,212.3123,29.9394,1,5
"345","kirby127a_3_1_ax.img","SCC_R",5932,45,281,224.3979,28.7507,1,5
"346","kirby127a_3_1_ax.img","PVWl_L",392,11,216,131.0399,45.0682,1,5
"347","kirby127a_3_1_ax.img","PVWl_R",392,10,232,143.046,52.4531,1,5
"348","kirby127a_3_1_ax.img","ALIC_L",2344,142,278,222.3963,21.9805,1,5
"349","kirby127a_3_1_ax.img","ALIC_R",2528,131,263,222.2013,18.3836,1,5
"350","kirby127a_3_1_ax.img","PLIC_L",3389,144,266,215.1944,16.9224,1,5
"351","kirby127a_3_1_ax.img","PLIC_R",3297,160,271,223.3895,14.5145,1,5
"352","kirby127a_3_1_ax.img","RLIC_L",3064,117,256,210.557,16.6071,1,5
"353","kirby127a_3_1_ax.img","RLIC_R",3100,105,279,233.2505,16.7529,1,5
"354","kirby127a_3_1_ax.img","EC_L",3306,90,238,167.6544,22.1112,1,5
"355","kirby127a_3_1_ax.img","EC_R",3167,107,247,183.651,21.5477,1,5
"356","kirby127a_3_1_ax.img","CGC_L",3135,95,244,195.9571,27.1542,1,5
"357","kirby127a_3_1_ax.img","CGC_R",3563,81,252,195.0303,28.8304,1,5
"358","kirby127a_3_1_ax.img","CGH_L",1811,108,264,207.7913,27.9957,1,5
"359","kirby127a_3_1_ax.img","CGH_R",1725,122,281,217.81,32.441,1,5
"360","kirby127a_3_1_ax.img","Fx/ST_L",1425,71,263,198.5088,28.5076,1,5
"361","kirby127a_3_1_ax.img","Fx/ST_R",1438,45,287,216.0526,32.7371,1,5
"362","kirby127a_3_1_ax.img","Fx_L",903,13,276,152.1463,59.3877,1,5
"363","kirby127a_3_1_ax.img","Fx_R",996,14,277,150.4217,56.4963,1,5
"364","kirby127a_3_1_ax.img","IFO_L",1808,97,261,179.1793,29.6291,1,5
"365","kirby127a_3_1_ax.img","IFO_R",1865,108,285,183.0547,28.351,1,5
"366","kirby127a_3_1_ax.img","PTR_L",7073,38,237,184.932,18.1844,1,5
"367","kirby127a_3_1_ax.img","PTR_R",5676,96,262,210.3795,23.7225,1,5
"368","kirby127a_3_1_ax.img","SS_L",3590,61,254,196.3898,24.2395,1,5
"369","kirby127a_3_1_ax.img","SS_R",4043,62,270,224.9225,21.5643,1,5
"370","kirby127a_3_1_ax.img","SFO_L",363,153,245,204.2053,22.4134,1,5
"371","kirby127a_3_1_ax.img","SFO_R",276,127,239,193.613,23.2602,1,5
"372","kirby127a_3_1_ax.img","SLF_L",6989,98,212,178.7222,13.1158,1,5
"373","kirby127a_3_1_ax.img","SLF_R",7782,120,234,197.5736,13.6107,1,5
"374","kirby127a_3_1_ax.img","Cl_L",419,82,198,140.0544,18.2735,1,5
"375","kirby127a_3_1_ax.img","Cl_R",563,49,197,149.58,22.1731,1,5
"376","kirby127a_3_1_ax.img","BasalForebrain_L",1727,15,295,212.6101,41.9549,1,5
"377","kirby127a_3_1_ax.img","BasalForebrain_R",1470,10,335,209.6457,43.2738,1,5
"378","kirby127a_3_1_ax.img","Mammillary_R",104,52,256,179.3837,44.2922,1,5
"379","kirby127a_3_1_ax.img","Mammillary_L",125,98,274,198.3558,37.5727,1,5
"380","kirby127a_3_1_ax.img","LV_Frontal_L",6756,0,218,31.2687,26.83,1,5
"381","kirby127a_3_1_ax.img","LV_body_L",8321,0,208,26.8118,22.5316,1,5
"382","kirby127a_3_1_ax.img","LV_atrium_L",4559,0,230,26.2527,25.9881,1,5
"383","kirby127a_3_1_ax.img","LV_Occipital_L",418,0,179,40.8075,41.7804,1,5
"384","kirby127a_3_1_ax.img","LV_Inferior_L",834,1,193,70.623,42.9697,1,5
"385","kirby127a_3_1_ax.img","LV_Frontal_R",5885,1,218,38.5332,29.6808,1,5
"386","kirby127a_3_1_ax.img","LV_body_R",7959,0,220,26.0752,23.2115,1,5
"387","kirby127a_3_1_ax.img","LV_atrium_R",4100,0,245,30.7974,31.2123,1,5
"388","kirby127a_3_1_ax.img","LV_Occipital_R",120,4,207,141.56,44.0532,1,5
"389","kirby127a_3_1_ax.img","LV_Inferior_R",909,0,242,72.3567,48.0762,1,5
"390","kirby127a_3_1_ax.img","III_ventricle",2418,6,214,73.2938,35.4151,1,5
"391","kirby127a_3_1_ax.img","PVWa_L",836,9,237,150.2299,45.2199,1,5
"392","kirby127a_3_1_ax.img","PVWa_R",867,11,218,152.7687,38.5678,1,5
"393","kirby127a_3_1_ax.img","PVWp_L",785,2,225,129.896,46.5375,1,5
"394","kirby127a_3_1_ax.img","PVWp_R",650,15,232,130.6543,50.6143,1,5
"395","kirby127a_3_1_ax.img","SFWM_L",8423,63,211,148.4794,24.7329,1,5
"396","kirby127a_3_1_ax.img","SFWM_R",7641,61,207,146.4206,25.1054,1,5
"397","kirby127a_3_1_ax.img","SFWM_PFC_L",8924,67,226,170.137,29.6822,1,5
"398","kirby127a_3_1_ax.img","SFWM_PFC_R",8770,70,219,164.2568,27.9375,1,5
"399","kirby127a_3_1_ax.img","SFWM_pole_L",512,89,215,160.331,27.777,1,5
"400","kirby127a_3_1_ax.img","SFWM_pole_R",810,80,210,157.4385,24.3504,1,5
"401","kirby127a_3_1_ax.img","MFWM_L",7026,63,208,149.4092,25.749,1,5
"402","kirby127a_3_1_ax.img","MFWM_R",7371,66,212,152.9227,26.2205,1,5
"403","kirby127a_3_1_ax.img","MFWM_DPFC_L",4912,70,222,162.9052,28.7326,1,5
"404","kirby127a_3_1_ax.img","MFWM_DPFC_R",6158,68,223,161.2469,28.2792,1,5
"405","kirby127a_3_1_ax.img","IFWM_opercularis_L",2224,80,211,168.0464,25.134,1,5
"406","kirby127a_3_1_ax.img","IFWM_opercularis_R",3820,83,217,173.6478,25.9726,1,5
"407","kirby127a_3_1_ax.img","IFWM_orbitalis_L",3419,78,230,175.0421,30.4168,1,5
"408","kirby127a_3_1_ax.img","IFWM_orbitalis_R",2484,83,226,175.1522,28.3844,1,5
"409","kirby127a_3_1_ax.img","IFWM_triangularis_L",4643,78,217,173.7697,26.129,1,5
"410","kirby127a_3_1_ax.img","IFWM_triangularis_R",3676,81,211,169.9902,27.1484,1,5
"411","kirby127a_3_1_ax.img","LFOWM_L",2528,89,242,169.6163,31.563,1,5
"412","kirby127a_3_1_ax.img","LFOWM_R",1992,85,234,166.9771,29.1738,1,5
"413","kirby127a_3_1_ax.img","MFOWM_L",2238,100,260,192.3249,33.1295,1,5
"414","kirby127a_3_1_ax.img","MFOWM_R",2073,89,259,174.9664,31.251,1,5
"415","kirby127a_3_1_ax.img","RGWM_L",2846,93,374,184.8195,38.5003,1,5
"416","kirby127a_3_1_ax.img","RGWM_R",3507,92,278,185.2392,34.0974,1,5
"417","kirby127a_3_1_ax.img","PoCWM_L",8442,55,203,141.1719,25.0935,1,5
"418","kirby127a_3_1_ax.img","PoCWM_R",8886,65,209,147.8732,26.1858,1,5
"419","kirby127a_3_1_ax.img","PrCWM_L",12064,65,214,144.006,26.8433,1,5
"420","kirby127a_3_1_ax.img","PrCWM_R",14686,71,220,152.7683,28.2526,1,5
"421","kirby127a_3_1_ax.img","SPWM_L",7455,73,211,160.9356,25.3025,1,5
"422","kirby127a_3_1_ax.img","SPWM_R",7304,69,229,170.478,28.7081,1,5
"423","kirby127a_3_1_ax.img","SMWM_L",3935,64,200,146.3315,25.5189,1,5
"424","kirby127a_3_1_ax.img","SMWM_R",4781,61,224,159.0866,29.1813,1,5
"425","kirby127a_3_1_ax.img","AGWM_L",3636,68,189,143.3254,22.0548,1,5
"426","kirby127a_3_1_ax.img","AGWM_R",5099,69,221,157.6962,26.9413,1,5
"427","kirby127a_3_1_ax.img","PrCuWM_L",2985,71,217,148.008,28.3243,1,5
"428","kirby127a_3_1_ax.img","PrCuWM_R",2536,71,221,150.9593,27.5084,1,5
"429","kirby127a_3_1_ax.img","STWM_L",8800,77,258,164.6416,29.5467,1,5
"430","kirby127a_3_1_ax.img","STWM_R",7839,43,260,184.6131,32.9096,1,5
"431","kirby127a_3_1_ax.img","STWM_L_pole",1293,80,218,151.6258,25.1484,1,5
"432","kirby127a_3_1_ax.img","STWM_R_pole",1283,84,214,152.942,25.1315,1,5
"433","kirby127a_3_1_ax.img","MTWM_L",9432,78,244,175.2739,28.9299,1,5
"434","kirby127a_3_1_ax.img","MTWM_R",10698,90,254,190.0018,33.1448,1,5
"435","kirby127a_3_1_ax.img","MTWM_L_pole",1616,84,246,175.3826,33.9398,1,5
"436","kirby127a_3_1_ax.img","MTWM_R_pole",1810,95,251,181.0922,31.7228,1,5
"437","kirby127a_3_1_ax.img","ITWM_L",6239,63,244,165.131,30.3309,1,5
"438","kirby127a_3_1_ax.img","ITWM_R",5555,58,246,181.7619,30.8962,1,5
"439","kirby127a_3_1_ax.img","FuWM_L",5241,77,254,164.2068,32.095,1,5
"440","kirby127a_3_1_ax.img","FuWM_R",5759,79,275,181.0533,34.2135,1,5
"441","kirby127a_3_1_ax.img","SOWM_L",3194,61,207,161.7835,25.7023,1,5
"442","kirby127a_3_1_ax.img","SOWM_R",3764,66,227,172.0925,25.2,1,5
"443","kirby127a_3_1_ax.img","MOWM_L",12186,62,200,147.7016,24.2426,1,5
"444","kirby127a_3_1_ax.img","MOWM_R",12108,70,227,167.5876,28.9885,1,5
"445","kirby127a_3_1_ax.img","IOWM_L",1908,78,186,144.8723,20.9364,1,5
"446","kirby127a_3_1_ax.img","IOWM_R",3384,85,233,175.5954,29.5044,1,5
"447","kirby127a_3_1_ax.img","CuWM_L",6045,68,227,151.6131,28.2235,1,5
"448","kirby127a_3_1_ax.img","CuWM_R",4820,71,229,159.4151,29.5127,1,5
"449","kirby127a_3_1_ax.img","LGWM_L",8475,35,254,161.1599,31.7842,1,5
"450","kirby127a_3_1_ax.img","LGWM_R",6670,69,278,178.47,38.0989,1,5
"451","kirby127a_3_1_ax.img","rostralWM_ACC_L",255,97,255,165.8255,25.6135,1,5
"452","target2.img","rostralWM_ACC_R",2,264,264,264,0,1,5
"453","kirby127a_3_1_ax.img","subcallosalWM_ACC_L",120,161,253,225.712,18.7991,1,5
"454","kirby127a_3_1_ax.img","subcallosalWM_ACC_R",106,127,237,192.1818,24.1964,1,5
"455","kirby127a_3_1_ax.img","subgenualWM_ACC_L",238,132,267,214.2172,21.275,1,5
"456","kirby127a_3_1_ax.img","subgenualWM_ACC_R",143,157,255,208.1092,20.5748,1,5
"457","kirby127a_3_1_ax.img","dorsalWM_ACC_L",2883,82,240,168.5974,28.5116,1,5
"458","kirby127a_3_1_ax.img","dorsalWM_ACC_R",1792,85,232,161.7662,27.0822,1,5
"459","kirby127a_3_1_ax.img","PCCWM_L",3556,56,257,190.353,27.9734,1,5
"460","kirby127a_3_1_ax.img","PCCWM_R",3940,93,266,197.9525,30.9312,1,5
"461","kirby127a_3_1_ax.img","CerebellumWM_R",10155,84,265,198.1339,26.1602,1,5
"462","kirby127a_3_1_ax.img","CerebellumWM_L",9158,70,245,182.5535,24.4827,1,5
"463","kirby127a_3_1_ax.img","MCP_cb_L",2870,143,244,197.8691,13.7759,1,5
"464","kirby127a_3_1_ax.img","MCP_cb_R",2643,170,261,223.8283,12.0694,1,5
"465","kirby127a_3_1_ax.img","ICP_cb_L",542,131,250,210.1064,14.9262,1,5
"466","kirby127a_3_1_ax.img","ICP_cb_R",576,139,258,221.3583,15.3044,1,5
"467","kirby127a_3_1_ax.img","FrontSul_L",15004,0,116,28.9511,16.5722,1,5
"468","kirby127a_3_1_ax.img","FrontSul_R",11232,0,99,27.6766,17.3101,1,5
"469","kirby127a_3_1_ax.img","CentralSul_L",2159,0,92,25.2674,15.2438,1,5
"470","kirby127a_3_1_ax.img","CentralSul_R",1750,1,91,31.6001,17.4947,1,5
"471","kirby127a_3_1_ax.img","SylFrontSul_L",1589,1,137,33.0325,20.1865,1,5
"472","kirby127a_3_1_ax.img","SylFrontSul_R",1175,2,108,35.8887,19.6852,1,5
"473","kirby127a_3_1_ax.img","SylTempSul_L",1598,1,135,31.4974,18.8025,1,5
"474","kirby127a_3_1_ax.img","SylTempSul_R",1462,1,132,36.069,20.6196,1,5
"475","kirby127a_3_1_ax.img","SylParieSul_L",640,0,69,23.2345,15.5229,1,5
"476","kirby127a_3_1_ax.img","SylParieSul_R",288,1,68,28.7958,16.0944,1,5
"477","kirby127a_3_1_ax.img","ParietSul_L",8739,0,88,27.4541,16.8708,1,5
"478","kirby127a_3_1_ax.img","ParietSul_R",9728,0,98,28.8671,18.0696,1,5
"479","kirby127a_3_1_ax.img","CinguSul_L",1173,1,103,45.2682,19.012,1,5
"480","kirby127a_3_1_ax.img","CinguSul_R",1419,1,133,42.3173,21.0417,1,5
"481","kirby127a_3_1_ax.img","OcciptSul_L",1934,0,112,32.0993,19.2229,1,5
"482","kirby127a_3_1_ax.img","OcciptSul_R",2054,0,120,34.54,19.996,1,5
"483","kirby127a_3_1_ax.img","TempSul_L",1139,1,97,34.5616,17.1574,1,5
"484","kirby127a_3_1_ax.img","TempSul_R",910,2,161,37.2256,16.8987,1,5
"485","kirby127a_3_1_ax.img","Caudate_tail_L",363,45,222,131.9139,34.6275,1,5
"486","kirby127a_3_1_ax.img","Fimbria_L",50,118,228,180.8293,33.0999,1,5
"487","kirby127a_3_1_ax.img","Caudate_tail_R",345,16,248,138.892,44.368,1,5
"488","kirby127a_3_1_ax.img","Fimbria_R",45,142,225,189.0811,22.3841,1,5
"489","kirby127a_3_1_ax.img","Chroid_LVetc_L",444,23,258,104.8297,35.4827,1,5
"490","kirby127a_3_1_ax.img","Chroid_LVetc_R",371,17,224,103.4401,36.2548,1,5
"491","kirby127a_3_1_ax.img","IV_ventricle",2700,3,227,64.2627,40.7481,1,5
"492","kirby127a_3_1_ax.img","ECCL_L",292,117,196,150.786,15.3988,1,5
"493","kirby127a_3_1_ax.img","ECCL_R",292,133,201,162.8765,14.2072,1,5
"494","kirby127a_3_1_ax.img","Hemisphere_L",540794,0,374,129.4696,52.2948,2,1
"495","kirby127a_3_1_ax.img","Hemisphere_R",553082,0,335,136.0944,53.9034,2,1
"496","kirby127a_3_1_ax.img","Brainstem",30764,12,307,222.3549,31.2026,2,1
"497","kirby127a_3_1_ax.img","Cerebellum",143879,2,265,129.3039,45.5146,2,1
"498","kirby127a_3_1_ax.img","CSF",109776,0,258,33.0193,26.3262,2,1
"499","kirby127a_3_1_ax.img","Hemisphere_L",434645,0,374,114.2852,44.778,2,2
"500","kirby127a_3_1_ax.img","Hemisphere_R",444113,0,295,120.5586,46.4103,2,2
"501","kirby127a_3_1_ax.img","CerebralNucli_L",12380,14,273,165.5364,28.7978,2,2
"502","kirby127a_3_1_ax.img","CerebralNucli_R",13073,16,273,168.7348,30.4016,2,2
"503","kirby127a_3_1_ax.img","Thalamus_L",6342,38,268,192.1482,24.4523,2,2
"504","kirby127a_3_1_ax.img","Thalamus_R",6372,34,265,194.3232,27.0116,2,2
"505","kirby127a_3_1_ax.img","BasalForebrain_L",3341,15,295,196.2076,43.278,2,2
"506","kirby127a_3_1_ax.img","BasalForebrain_R",3306,10,335,192.514,41.6949,2,2
"507","kirby127a_3_1_ax.img","midbrain",10268,55,307,230.8583,29.2249,2,2
"508","kirby127a_3_1_ax.img","Cerebellum_R",71877,2,265,135.6437,46.9902,2,2
"509","kirby127a_3_1_ax.img","Cerebellum_L",72003,3,250,122.9753,43.0713,2,2
"510","kirby127a_3_1_ax.img","Brainstem_L",9893,25,283,213.8552,31.5708,2,2
"511","kirby127a_3_1_ax.img","Brainstem_R",10604,12,299,222.0513,30.5,2,2
"512","kirby127a_3_1_ax.img","WhiteMatter_L",84087,2,304,195.2695,28.2166,2,2
"513","kirby127a_3_1_ax.img","WhiteMatter_R",86218,10,300,204.7043,28.2598,2,2
"514","kirby127a_3_1_ax.img","Ventricle",45791,0,258,37.3184,34.2745,2,2
"515","kirby127a_3_1_ax.img","Sulcus_L",33971,0,137,29.4653,17.5085,2,2
"516","kirby127a_3_1_ax.img","Sulcus_R",30015,0,161,30.4828,18.6214,2,2
"517","kirby127a_3_1_ax.img","Frontal_L",158418,3,374,112.9728,46.7329,2,3
"518","kirby127a_3_1_ax.img","Frontal_R",161584,0,278,115.5516,44.8661,2,3
"519","kirby127a_3_1_ax.img","Parietal_L",75116,1,217,112.1243,45.5713,2,3
"520","kirby127a_3_1_ax.img","Parietal_R",84142,0,234,119.1807,49.2721,2,3
"521","kirby127a_3_1_ax.img","Temporal_L",95956,0,258,116.8515,45.1987,2,3
"522","kirby127a_3_1_ax.img","Temporal_R",94748,1,275,130.0574,48.5413,2,3
"523","kirby127a_3_1_ax.img","Limbic_L",37827,5,267,127.7105,40.9615,2,3
"524","kirby127a_3_1_ax.img","Limbic_R",40912,5,295,125.583,42.1734,2,3
"525","kirby127a_3_1_ax.img","Occipital_L",69060,1,254,117.2815,43.2451,2,3
"526","kirby127a_3_1_ax.img","Occipital_R",65778,0,278,128.8455,49.1572,2,3
"527","kirby127a_3_1_ax.img","Insula_L",7241,10,209,102.3419,22.1017,2,3
"528","kirby127a_3_1_ax.img","Insula_R",7082,10,246,112.8027,24.011,2,3
"529","kirby127a_3_1_ax.img","BasalGang_L",10397,14,273,170.1155,28.0932,2,3
"530","kirby127a_3_1_ax.img","BasalGang_R",10725,16,273,172.6275,30.8627,2,3
"531","kirby127a_3_1_ax.img","Thalamus_L",6342,38,268,192.1482,24.4523,2,3
"532","kirby127a_3_1_ax.img","Thalamus_R",6372,34,265,194.3232,27.0116,2,3
"533","kirby127a_3_1_ax.img","BasalForebrain_L",3341,15,295,196.2076,43.278,2,3
"534","kirby127a_3_1_ax.img","BasalForebrain_R",3306,10,335,192.514,41.6949,2,3
"535","kirby127a_3_1_ax.img","midbrain_L",4943,57,296,228.3875,27.4134,2,3
"536","kirby127a_3_1_ax.img","midbrain_R",5325,55,307,233.1521,30.6334,2,3
"537","kirby127a_3_1_ax.img","Cerebellum_R",71877,2,265,135.6437,46.9902,2,3
"538","kirby127a_3_1_ax.img","Cerebellum_L",72003,3,250,122.9753,43.0713,2,3
"539","kirby127a_3_1_ax.img","Pons_L",7491,35,275,219.5655,27.2021,2,3
"540","kirby127a_3_1_ax.img","Pons_R",8033,61,299,228.0194,25.8863,2,3
"541","kirby127a_3_1_ax.img","Medulla_L",2403,25,283,196.0509,37.1295,2,3
"542","kirby127a_3_1_ax.img","Medulla_R",2571,12,286,203.4001,35.834,2,3
"543","kirby127a_3_1_ax.img","AnteriorWM_L",27258,9,257,197.5643,20.6657,2,3
"544","kirby127a_3_1_ax.img","AnteriorWM_R",28772,11,263,198.6765,17.997,2,3
"545","kirby127a_3_1_ax.img","PosteriorWM_L",5184,2,227,179.5306,29.001,2,3
"546","kirby127a_3_1_ax.img","PosteriorWM_R",4421,15,235,196.1485,34.4382,2,3
"547","kirby127a_3_1_ax.img","CorpusCallosum_L",12130,15,304,211.2458,31.5447,2,3
"548","kirby127a_3_1_ax.img","CorpusCallosum_R",13167,11,300,216.209,32.539,2,3
"549","kirby127a_3_1_ax.img","InferiorWM_L",25254,11,278,193.3041,28.8986,2,3
"550","kirby127a_3_1_ax.img","InferiorWM_R",24357,10,285,211.4739,29.3924,2,3
"551","kirby127a_3_1_ax.img","LimbicWM_L",7272,13,276,193.9672,37.151,2,3
"552","kirby127a_3_1_ax.img","LimbicWM_R",7721,14,287,198.2777,40.9177,2,3
"553","kirby127a_3_1_ax.img","LateralVentricle_L",21332,0,258,31.7147,29.8467,2,3
"554","kirby127a_3_1_ax.img","LateralVentricle_R",19342,0,245,35.2398,33.2871,2,3
"555","kirby127a_3_1_ax.img","III_ventricle",2418,6,214,73.2938,35.4151,2,3
"556","kirby127a_3_1_ax.img","FrontSul_L",16593,0,137,29.3419,16.9942,2,3
"557","kirby127a_3_1_ax.img","FrontSul_R",12407,0,108,28.4542,17.7127,2,3
"558","kirby127a_3_1_ax.img","CentralSul_L",2159,0,92,25.2674,15.2438,2,3
"559","kirby127a_3_1_ax.img","CentralSul_R",1750,1,91,31.6001,17.4947,2,3
"560","kirby127a_3_1_ax.img","TempSul_L",2736,1,135,32.7728,18.1987,2,3
"561","kirby127a_3_1_ax.img","TempSul_R",2372,1,161,36.5127,19.2856,2,3
"562","kirby127a_3_1_ax.img","ParietSul_L",9378,0,88,27.1663,16.8159,2,3
"563","kirby127a_3_1_ax.img","ParietSul_R",10016,0,98,28.8651,18.0158,2,3
"564","kirby127a_3_1_ax.img","CinguSul_L",1173,1,103,45.2682,19.012,2,3
"565","kirby127a_3_1_ax.img","CinguSul_R",1419,1,133,42.3173,21.0417,2,3
"566","kirby127a_3_1_ax.img","OcciptSul_L",1934,0,112,32.0993,19.2229,2,3
"567","kirby127a_3_1_ax.img","OcciptSul_R",2054,0,120,34.54,19.996,2,3
"568","kirby127a_3_1_ax.img","IV_ventricle",2700,3,227,64.2627,40.7481,2,3
"569","kirby127a_3_1_ax.img","Frontal_L",158418,3,374,112.9728,46.7329,2,4
"570","kirby127a_3_1_ax.img","Frontal_R",161584,0,278,115.5516,44.8661,2,4
"571","kirby127a_3_1_ax.img","Parietal_L",75116,1,217,112.1243,45.5713,2,4
"572","kirby127a_3_1_ax.img","Parietal_R",84142,0,234,119.1807,49.2721,2,4
"573","kirby127a_3_1_ax.img","Temporal_L",95956,0,258,116.8515,45.1987,2,4
"574","kirby127a_3_1_ax.img","Temporal_R",94748,1,275,130.0574,48.5413,2,4
"575","kirby127a_3_1_ax.img","Limbic_L",15184,10,267,158.9191,34.8384,2,4
"576","kirby127a_3_1_ax.img","Limbic_R",14397,15,266,164.2026,35.0858,2,4
"577","kirby127a_3_1_ax.img","Occipital_L",69060,1,254,117.2815,43.2451,2,4
"578","kirby127a_3_1_ax.img","Occipital_R",65778,0,278,128.8455,49.1572,2,4
"579","kirby127a_3_1_ax.img","Cingulate_L",22643,5,249,106.7829,29.9665,2,4
"580","kirby127a_3_1_ax.img","Cingulate_R",26516,5,295,104.6145,28.7477,2,4
"581","kirby127a_3_1_ax.img","Insula_L",7241,10,209,102.3419,22.1017,2,4
"582","kirby127a_3_1_ax.img","Insula_R",7082,10,246,112.8027,24.011,2,4
"583","kirby127a_3_1_ax.img","Striatum_L",9029,14,236,162.8997,21.9798,2,4
"584","kirby127a_3_1_ax.img","Striatum_R",9248,16,253,164.1629,23.6192,2,4
"585","kirby127a_3_1_ax.img","GP_L",1368,150,273,217.7404,14.0643,2,4
"586","kirby127a_3_1_ax.img","GP_R",1478,168,273,225.6158,12.9086,2,4
"587","kirby127a_3_1_ax.img","Thalamus_L",6342,38,268,192.1482,24.4523,2,4
"588","kirby127a_3_1_ax.img","Thalamus_R",6372,34,265,194.3232,27.0116,2,4
"589","kirby127a_3_1_ax.img","BasalForebrain_L",3341,15,295,196.2076,43.278,2,4
"590","kirby127a_3_1_ax.img","BasalForebrain_R",3306,10,335,192.514,41.6949,2,4
"591","kirby127a_3_1_ax.img","midbrain_L",4943,57,296,228.3875,27.4134,2,4
"592","kirby127a_3_1_ax.img","midbrain_R",5325,55,307,233.1521,30.6334,2,4
"593","kirby127a_3_1_ax.img","Cerebellum_R",58504,2,255,119.9705,35.187,2,4
"594","kirby127a_3_1_ax.img","Cerebellum_L",59435,3,235,109.3871,32.748,2,4
"595","kirby127a_3_1_ax.img","Pons_L",7491,35,275,219.5655,27.2021,2,4
"596","kirby127a_3_1_ax.img","Pons_R",8033,61,299,228.0194,25.8863,2,4
"597","kirby127a_3_1_ax.img","Medulla_L",2403,25,283,196.0509,37.1295,2,4
"598","kirby127a_3_1_ax.img","Medulla_R",2571,12,286,203.4001,35.834,2,4
"599","kirby127a_3_1_ax.img","ant_DPWM_L",27258,9,257,197.5643,20.6657,2,4
"600","kirby127a_3_1_ax.img","ant_DPWM_R",28772,11,263,198.6765,17.997,2,4
"601","kirby127a_3_1_ax.img","post_DPWM_L",5184,2,227,179.5306,29.001,2,4
"602","kirby127a_3_1_ax.img","post_DPWM_R",4421,15,235,196.1485,34.4382,2,4
"603","kirby127a_3_1_ax.img","CorpusCallosum_L",12130,15,304,211.2458,31.5447,2,4
"604","kirby127a_3_1_ax.img","CorpusCallosum_R",13167,11,300,216.209,32.539,2,4
"605","kirby127a_3_1_ax.img","inf_DPWM_L",19522,11,261,186.0115,27.105,2,4
"606","kirby127a_3_1_ax.img","inf_DPWM_R",18533,10,285,207.8917,31.5919,2,4
"607","kirby127a_3_1_ax.img","InternalCapsule_L",5733,142,278,218.1388,19.4769,2,4
"608","kirby127a_3_1_ax.img","InternalCapsule_R",5824,131,271,222.8739,16.3173,2,4
"609","kirby127a_3_1_ax.img","LimbicWM_L",7272,13,276,193.9672,37.151,2,4
"610","kirby127a_3_1_ax.img","LimbicWM_R",7721,14,287,198.2777,40.9177,2,4
"611","kirby127a_3_1_ax.img","AnteriorLateralVentricle_L",15521,0,258,30.9837,28.0516,2,4
"612","kirby127a_3_1_ax.img","PosteriorLateralVentricle_L",4977,0,230,27.4741,27.9549,2,4
"613","kirby127a_3_1_ax.img","InferiorLateralVentricle_L",834,1,193,70.623,42.9697,2,4
"614","kirby127a_3_1_ax.img","AnteriorLateralVentricle_R",14214,0,224,33.2512,29.4885,2,4
"615","kirby127a_3_1_ax.img","PosteriorLateralVentricle_R",4220,0,245,33.9477,36.6156,2,4
"616","kirby127a_3_1_ax.img","InferiorLateralVentricle_R",909,0,242,72.3567,48.0762,2,4
"617","kirby127a_3_1_ax.img","III_ventricle",2418,6,214,73.2938,35.4151,2,4
"618","kirby127a_3_1_ax.img","CerebellumWM_R",13373,84,265,204.2113,25.9861,2,4
"619","kirby127a_3_1_ax.img","CerebellumWM_L",12568,70,250,187.2366,23.5368,2,4
"620","kirby127a_3_1_ax.img","FrontSul_L",15004,0,116,28.9511,16.5722,2,4
"621","kirby127a_3_1_ax.img","FrontSul_R",11232,0,99,27.6766,17.3101,2,4
"622","kirby127a_3_1_ax.img","CentralSul_L",2159,0,92,25.2674,15.2438,2,4
"623","kirby127a_3_1_ax.img","CentralSul_R",1750,1,91,31.6001,17.4947,2,4
"624","kirby127a_3_1_ax.img","SylAntInsularSul_L",1589,1,137,33.0325,20.1865,2,4
"625","kirby127a_3_1_ax.img","SylAntInsularSul_R",1175,2,108,35.8887,19.6852,2,4
"626","kirby127a_3_1_ax.img","SylPostInsularSul_L",1598,1,135,31.4974,18.8025,2,4
"627","kirby127a_3_1_ax.img","SylPostInsularSul_R",1462,1,132,36.069,20.6196,2,4
"628","kirby127a_3_1_ax.img","SylExtSMG_L",640,0,69,23.2345,15.5229,2,4
"629","kirby127a_3_1_ax.img","SylExtSMG_R",288,1,68,28.7958,16.0944,2,4
"630","kirby127a_3_1_ax.img","ParietSul_L",8739,0,88,27.4541,16.8708,2,4
"631","kirby127a_3_1_ax.img","ParietSul_R",9728,0,98,28.8671,18.0696,2,4
"632","kirby127a_3_1_ax.img","CinguSul_L",1173,1,103,45.2682,19.012,2,4
"633","kirby127a_3_1_ax.img","CinguSul_R",1419,1,133,42.3173,21.0417,2,4
"634","kirby127a_3_1_ax.img","OcciptSul_L",1934,0,112,32.0993,19.2229,2,4
"635","kirby127a_3_1_ax.img","OcciptSul_R",2054,0,120,34.54,19.996,2,4
"636","kirby127a_3_1_ax.img","TempSul_L",1139,1,97,34.5616,17.1574,2,4
"637","kirby127a_3_1_ax.img","TempSul_R",910,2,161,37.2256,16.8987,2,4
"638","kirby127a_3_1_ax.img","IV_ventricle",2700,3,227,64.2627,40.7481,2,4
"639","kirby127a_3_1_ax.img","SF_L",21348,9,211,102.1185,43.3292,2,5
"640","kirby127a_3_1_ax.img","SF_R",17691,4,207,104.3093,42.552,2,5
"641","kirby127a_3_1_ax.img","SF_PFC_L",21706,4,226,118.0729,50.6456,2,5
"642","kirby127a_3_1_ax.img","SF_PFC_R",20277,6,219,117.2865,47.8376,2,5
"643","kirby127a_3_1_ax.img","SF_pole_L",3590,8,215,101.0993,37.5126,2,5
"644","kirby127a_3_1_ax.img","SF_pole_R",5684,7,210,101.5798,34.8683,2,5
"645","kirby127a_3_1_ax.img","MF_L",16964,4,208,104.6143,43.9945,2,5
"646","kirby127a_3_1_ax.img","MF_R",18521,14,212,108.453,42.8586,2,5
"647","kirby127a_3_1_ax.img","MF_DPFC_L",21212,4,222,100.7383,42.5655,2,5
"648","kirby127a_3_1_ax.img","MF_DPFC_R",22606,0,223,105.3232,41.712,2,5
"649","kirby127a_3_1_ax.img","IF_opercularis_L",6453,9,211,112.7266,46.4546,2,5
"650","kirby127a_3_1_ax.img","IF_opercularis_R",7904,10,217,129.5644,48.8465,2,5
"651","kirby127a_3_1_ax.img","IF_orbitalis_L",7970,7,230,126.8493,50.027,2,5
"652","kirby127a_3_1_ax.img","IF_orbitalis_R",6352,8,226,124.5462,47.8384,2,5
"653","kirby127a_3_1_ax.img","IF_triangularis_L",8944,10,217,132.6027,49.4827,2,5
"654","kirby127a_3_1_ax.img","IF_triangularis_R",7332,3,211,129.9561,46.9873,2,5
"655","kirby127a_3_1_ax.img","LFO_L",7227,9,242,124.9628,43.3829,2,5
"656","kirby127a_3_1_ax.img","LFO_R",6482,9,234,121.6136,39.3676,2,5
"657","kirby127a_3_1_ax.img","MFO_L",7052,3,260,137.6176,48.0824,2,5
"658","kirby127a_3_1_ax.img","MFO_R",6816,15,259,129.3294,40.9177,2,5
"659","kirby127a_3_1_ax.img","R_L",9149,6,374,131.7501,47.2118,2,5
"660","kirby127a_3_1_ax.img","R_R",9716,6,278,135.9816,46.8207,2,5
"661","kirby127a_3_1_ax.img","PoC_L",19140,3,203,105.3707,39.6044,2,5
"662","kirby127a_3_1_ax.img","PoC_R",20064,3,209,111.4136,41.044,2,5
"663","kirby127a_3_1_ax.img","PrC_L",26810,3,214,107.3093,41.2034,2,5
"664","kirby127a_3_1_ax.img","PrC_R",32208,4,220,115.5708,42.5658,2,5
"665","kirby127a_3_1_ax.img","SP_L",15018,1,211,119.8386,47.3432,2,5
"666","kirby127a_3_1_ax.img","SP_R",14231,13,229,128.7269,50.2908,2,5
"667","kirby127a_3_1_ax.img","SM_L",12561,1,200,98.7111,39.953,2,5
"668","kirby127a_3_1_ax.img","SM_R",14278,0,224,109.1241,43.8206,2,5
"669","kirby127a_3_1_ax.img","A_L",11066,4,189,97.713,38.4893,2,5
"670","kirby127a_3_1_ax.img","A_R",18678,1,221,103.5447,41.9054,2,5
"671","kirby127a_3_1_ax.img","PrCu_L",10343,2,217,100.1267,39.1566,2,5
"672","kirby127a_3_1_ax.img","PrCu_R",9110,5,221,102.2267,39.0123,2,5
"673","kirby127a_3_1_ax.img","ST_L",21756,0,258,118.0327,47.1535,2,5
"674","kirby127a_3_1_ax.img","ST_R",19091,3,260,134.016,51.8567,2,5
"675","kirby127a_3_1_ax.img","ST_L_pole",6156,5,218,106.7037,32.6735,2,5
"676","kirby127a_3_1_ax.img","ST_R_pole",6687,1,214,107.8306,32.6828,2,5
"677","kirby127a_3_1_ax.img","MT_L",25670,2,244,117.049,50.7334,2,5
"678","kirby127a_3_1_ax.img","MT_R",27009,10,254,131.7693,54.4444,2,5
"679","kirby127a_3_1_ax.img","MT_L_pole",4311,19,246,127.3722,45.9289,2,5
"680","kirby127a_3_1_ax.img","MT_R_pole",4799,20,251,132.9862,45.482,2,5
"681","kirby127a_3_1_ax.img","IT_L",18792,6,244,115.8705,42.8077,2,5
"682","kirby127a_3_1_ax.img","IT_R",17891,5,246,128.4641,44.0361,2,5
"683","kirby127a_3_1_ax.img","PHG_L",1250,32,214,135.2911,27.5007,2,5
"684","kirby127a_3_1_ax.img","PHG_R",1248,15,245,145.8221,30.5832,2,5
"685","kirby127a_3_1_ax.img","ENT_L",930,10,211,137.2013,25.2699,2,5
"686","kirby127a_3_1_ax.img","ENT_R",1041,40,234,144.9827,27.1491,2,5
"687","kirby127a_3_1_ax.img","Fu_L",19272,3,254,117.1,39.6672,2,5
"688","kirby127a_3_1_ax.img","Fu_R",19272,5,275,132.1984,43.3604,2,5
"689","kirby127a_3_1_ax.img","SO_L",5762,9,207,128.341,45.138,2,5
"690","kirby127a_3_1_ax.img","SO_R",6032,10,227,141.8808,46.5267,2,5
"691","kirby127a_3_1_ax.img","MO_L",28478,1,200,108.3054,41.5352,2,5
"692","kirby127a_3_1_ax.img","MO_R",26272,3,227,124.0239,48.6126,2,5
"693","kirby127a_3_1_ax.img","IO_L",6198,3,186,101.0025,37.3344,2,5
"694","kirby127a_3_1_ax.img","IO_R",7859,4,233,128.5728,49.5344,2,5
"695","kirby127a_3_1_ax.img","Cu_L",12082,2,227,120.8783,41.3895,2,5
"696","kirby127a_3_1_ax.img","Cu_R",11658,3,229,118.7818,45.2072,2,5
"697","kirby127a_3_1_ax.img","LG_L",16542,4,254,132.3546,42.8641,2,5
"698","kirby127a_3_1_ax.img","LG_R",13959,0,278,140.8468,50.6944,2,5
"699","kirby127a_3_1_ax.img","rostral_ACC_L",2883,9,212,108.1853,28.0287,2,5
"700","kirby127a_3_1_ax.img","rostral_ACC_R",3639,23,193,101.4284,24.637,2,5
"701","kirby127a_3_1_ax.img","subcallosal_ACC_L",591,10,253,155.4309,48.0923,2,5
"702","kirby127a_3_1_ax.img","subcallosal_ACC_R",704,22,237,130.8891,35.6009,2,5
"703","kirby127a_3_1_ax.img","subgenual_ACC_L",1782,18,267,159.0101,40.2171,2,5
"704","kirby127a_3_1_ax.img","subgenual_ACC_R",1761,27,295,146.2652,41.5875,2,5
"705","kirby127a_3_1_ax.img","dorsal_ACC_L",15165,15,240,111.3942,37.6526,2,5
"706","kirby127a_3_1_ax.img","dorsal_ACC_R",14337,7,232,104.6248,32.3433,2,5
"707","kirby127a_3_1_ax.img","PCC_L",9274,5,257,142.8394,46.7801,2,5
"708","kirby127a_3_1_ax.img","PCC_R",12058,5,266,138.9374,50.4698,2,5
"709","kirby127a_3_1_ax.img","Insula_L",7241,10,209,102.3419,22.1017,2,5
"710","kirby127a_3_1_ax.img","Insula_R",7082,10,246,112.8027,24.011,2,5
"711","kirby127a_3_1_ax.img","Amyg_L",1983,42,240,141.5206,18.7834,2,5
"712","kirby127a_3_1_ax.img","Amyg_R",2349,34,259,150.9581,20.25,2,5
"713","kirby127a_3_1_ax.img","Hippo_L",3972,11,235,139.1885,24.6245,2,5
"714","kirby127a_3_1_ax.img","Hippo_R",3779,28,260,147.3239,25.5617,2,5
"715","kirby127a_3_1_ax.img","Caud_L",3570,14,235,157.0807,24.181,2,5
"716","kirby127a_3_1_ax.img","Caud_R",3723,24,246,154.5006,22.5121,2,5
"717","kirby127a_3_1_ax.img","Put_L",4385,114,236,169.1809,15.062,2,5
"718","kirby127a_3_1_ax.img","Put_R",4400,87,240,173.2425,16.658,2,5
"719","kirby127a_3_1_ax.img","GP_L",1368,150,273,217.7404,14.0643,2,5
"720","kirby127a_3_1_ax.img","GP_R",1478,168,273,225.6158,12.9086,2,5
"721","kirby127a_3_1_ax.img","Thalamus_L",6342,38,268,192.1482,24.4523,2,5
"722","kirby127a_3_1_ax.img","Thalamus_R",6372,34,265,194.3232,27.0116,2,5
"723","kirby127a_3_1_ax.img","HypoThalamus_L",665,85,260,183.7545,29.3965,2,5
"724","kirby127a_3_1_ax.img","HypoThalamus_R",761,73,265,188.7303,28.6582,2,5
"725","kirby127a_3_1_ax.img","BasalForebrain_L",2133,15,295,210.9927,40.3766,2,5
"726","kirby127a_3_1_ax.img","BasalForebrain_R",1880,10,335,207.6252,40.93,2,5
"727","kirby127a_3_1_ax.img","NucAccumbens_L",712,113,229,169.1686,15.699,2,5
"728","kirby127a_3_1_ax.img","NucAccumbens_R",782,42,253,170.2135,23.043,2,5
"729","kirby127a_3_1_ax.img","RedNc_L",350,220,277,251.1924,10.1377,2,5
"730","kirby127a_3_1_ax.img","RedNc_R",430,222,281,254.4944,10.2155,2,5
"731","kirby127a_3_1_ax.img","Snigra_L",387,209,270,246.6925,10.0252,2,5
"732","kirby127a_3_1_ax.img","Snigra_R",256,231,280,252.3991,9.9753,2,5
"733","kirby127a_3_1_ax.img","Cerebellum_R",58504,2,255,119.9705,35.187,2,5
"734","kirby127a_3_1_ax.img","Cerebellum_L",59435,3,235,109.3871,32.748,2,5
"735","kirby127a_3_1_ax.img","CP_L",1935,83,296,234.9324,24.3014,2,5
"736","kirby127a_3_1_ax.img","CP_R",2014,106,307,245.0113,24.5482,2,5
"737","kirby127a_3_1_ax.img","Midbrain_L",2273,57,290,216.2012,27.8744,2,5
"738","kirby127a_3_1_ax.img","Midbrain_R",2626,55,302,218.6915,31.4087,2,5
"739","kirby127a_3_1_ax.img","CST_L",1569,191,273,232.1959,12.6214,2,5
"740","kirby127a_3_1_ax.img","CST_R",1427,186,283,240.4037,12.803,2,5
"741","kirby127a_3_1_ax.img","SCP_L",954,41,252,196.2579,37.886,2,5
"742","kirby127a_3_1_ax.img","SCP_R",1040,67,280,210.3764,33.7622,2,5
"743","kirby127a_3_1_ax.img","MCP_L",2897,35,275,214.7759,29.0789,2,5
"744","kirby127a_3_1_ax.img","MCP_R",2997,61,299,227.6464,29.201,2,5
"745","kirby127a_3_1_ax.img","PCT_L",964,198,273,236.0946,12.7477,2,5
"746","kirby127a_3_1_ax.img","PCT_R",852,203,293,242.1155,13.1206,2,5
"747","kirby127a_3_1_ax.img","Medulla_L",2403,25,283,196.0509,37.1295,2,5
"748","kirby127a_3_1_ax.img","Medulla_R",2571,12,286,203.4001,35.834,2,5
"749","kirby127a_3_1_ax.img","ML_L",842,172,253,219.7118,11.9019,2,5
"750","kirby127a_3_1_ax.img","ML_R",1071,167,266,228.213,12.4903,2,5
"751","kirby127a_3_1_ax.img","Pons_L",267,103,255,220.5045,19.3483,2,5
"752","kirby127a_3_1_ax.img","Pons_R",648,136,255,211.9167,18.2389,2,5
"753","kirby127a_3_1_ax.img","ACR_L",12600,115,257,209.7654,15.5047,2,5
"754","kirby127a_3_1_ax.img","ACR_R",13280,111,263,207.1446,14.8925,2,5
"755","kirby127a_3_1_ax.img","SCR_L",13461,118,240,188.9013,12.0331,2,5
"756","kirby127a_3_1_ax.img","SCR_R",14350,148,244,193.7092,11.188,2,5
"757","kirby127a_3_1_ax.img","PCR_L",4400,149,227,188.3852,9.3191,2,5
"758","kirby127a_3_1_ax.img","PCR_R",3772,144,235,207.4219,9.151,2,5
"759","kirby127a_3_1_ax.img","GCC_L",2584,40,304,227.1393,26.4686,2,5
"760","kirby127a_3_1_ax.img","GCC_R",2748,59,300,223.6642,27.0979,2,5
"761","kirby127a_3_1_ax.img","BCC_L",4120,26,260,199.8736,31.9456,2,5
"762","kirby127a_3_1_ax.img","BCC_R",4487,11,258,200.8171,34.7113,2,5
"763","kirby127a_3_1_ax.img","SCC_L",5427,15,280,212.3123,29.9394,2,5
"764","kirby127a_3_1_ax.img","SCC_R",5932,45,281,224.3979,28.7507,2,5
"765","kirby127a_3_1_ax.img","PVWl_L",392,11,216,131.0399,45.0682,2,5
"766","kirby127a_3_1_ax.img","PVWl_R",392,10,232,143.046,52.4531,2,5
"767","kirby127a_3_1_ax.img","ALIC_L",2344,142,278,222.3963,21.9805,2,5
"768","kirby127a_3_1_ax.img","ALIC_R",2528,131,263,222.2013,18.3836,2,5
"769","kirby127a_3_1_ax.img","PLIC_L",3389,144,266,215.1944,16.9224,2,5
"770","kirby127a_3_1_ax.img","PLIC_R",3297,160,271,223.3895,14.5145,2,5
"771","kirby127a_3_1_ax.img","RLIC_L",3064,117,256,210.557,16.6071,2,5
"772","kirby127a_3_1_ax.img","RLIC_R",3100,105,279,233.2505,16.7529,2,5
"773","kirby127a_3_1_ax.img","EC_L",3598,90,238,166.2872,22.1289,2,5
"774","kirby127a_3_1_ax.img","EC_R",3459,107,247,181.8994,21.8058,2,5
"775","kirby127a_3_1_ax.img","CGC_L",3135,95,244,195.9571,27.1542,2,5
"776","kirby127a_3_1_ax.img","CGC_R",3563,81,252,195.0303,28.8304,2,5
"777","kirby127a_3_1_ax.img","CGH_L",1811,108,264,207.7913,27.9957,2,5
"778","kirby127a_3_1_ax.img","CGH_R",1725,122,281,217.81,32.441,2,5
"779","kirby127a_3_1_ax.img","Fx/ST_L",1425,71,263,198.5088,28.5076,2,5
"780","kirby127a_3_1_ax.img","Fx/ST_R",1438,45,287,216.0526,32.7371,2,5
"781","kirby127a_3_1_ax.img","Fx_L",903,13,276,152.1463,59.3877,2,5
"782","kirby127a_3_1_ax.img","Fx_R",996,14,277,150.4217,56.4963,2,5
"783","kirby127a_3_1_ax.img","IFO_L",1808,97,261,179.1793,29.6291,2,5
"784","kirby127a_3_1_ax.img","IFO_R",1865,108,285,183.0547,28.351,2,5
"785","kirby127a_3_1_ax.img","PTR_L",7073,38,237,184.932,18.1844,2,5
"786","kirby127a_3_1_ax.img","PTR_R",5676,96,262,210.3795,23.7225,2,5
"787","kirby127a_3_1_ax.img","SS_L",3590,61,254,196.3898,24.2395,2,5
"788","kirby127a_3_1_ax.img","SS_R",4043,62,270,224.9225,21.5643,2,5
"789","kirby127a_3_1_ax.img","SFO_L",363,153,245,204.2053,22.4134,2,5
"790","kirby127a_3_1_ax.img","SFO_R",276,127,239,193.613,23.2602,2,5
"791","kirby127a_3_1_ax.img","SLF_L",6989,98,212,178.7222,13.1158,2,5
"792","kirby127a_3_1_ax.img","SLF_R",7782,120,234,197.5736,13.6107,2,5
"793","kirby127a_3_1_ax.img","Cl_L",419,82,198,140.0544,18.2735,2,5
"794","kirby127a_3_1_ax.img","Cl_R",563,49,197,149.58,22.1731,2,5
"795","kirby127a_3_1_ax.img","Mammillary_R",104,52,256,179.3837,44.2922,2,5
"796","kirby127a_3_1_ax.img","Mammillary_L",125,98,274,198.3558,37.5727,2,5
"797","kirby127a_3_1_ax.img","LV_Frontal_L",6756,0,218,31.2687,26.83,2,5
"798","kirby127a_3_1_ax.img","LV_body_L",8321,0,208,26.8118,22.5316,2,5
"799","kirby127a_3_1_ax.img","LV_atrium_L",4559,0,230,26.2527,25.9881,2,5
"800","kirby127a_3_1_ax.img","LV_Occipital_L",418,0,179,40.8075,41.7804,2,5
"801","kirby127a_3_1_ax.img","LV_Inferior_L",834,1,193,70.623,42.9697,2,5
"802","kirby127a_3_1_ax.img","LV_Frontal_R",5885,1,218,38.5332,29.6808,2,5
"803","kirby127a_3_1_ax.img","LV_body_R",7959,0,220,26.0752,23.2115,2,5
"804","kirby127a_3_1_ax.img","LV_atrium_R",4100,0,245,30.7974,31.2123,2,5
"805","kirby127a_3_1_ax.img","LV_Occipital_R",120,4,207,141.56,44.0532,2,5
"806","kirby127a_3_1_ax.img","LV_Inferior_R",909,0,242,72.3567,48.0762,2,5
"807","kirby127a_3_1_ax.img","III_ventricle",2418,6,214,73.2938,35.4151,2,5
"808","kirby127a_3_1_ax.img","PVWa_L",836,9,237,150.2299,45.2199,2,5
"809","kirby127a_3_1_ax.img","PVWa_R",867,11,218,152.7687,38.5678,2,5
"810","kirby127a_3_1_ax.img","PVWp_L",785,2,225,129.896,46.5375,2,5
"811","kirby127a_3_1_ax.img","PVWp_R",650,15,232,130.6543,50.6143,2,5
"812","kirby127a_3_1_ax.img","CerebellumWM_R",13373,84,265,204.2113,25.9861,2,5
"813","kirby127a_3_1_ax.img","CerebellumWM_L",12568,70,250,187.2366,23.5368,2,5
"814","kirby127a_3_1_ax.img","FrontSul_L",15004,0,116,28.9511,16.5722,2,5
"815","kirby127a_3_1_ax.img","FrontSul_R",11232,0,99,27.6766,17.3101,2,5
"816","kirby127a_3_1_ax.img","CentralSul_L",2159,0,92,25.2674,15.2438,2,5
"817","kirby127a_3_1_ax.img","CentralSul_R",1750,1,91,31.6001,17.4947,2,5
"818","kirby127a_3_1_ax.img","SylAntInsularSul_L",1589,1,137,33.0325,20.1865,2,5
"819","kirby127a_3_1_ax.img","SylAntInsularSul_R",1175,2,108,35.8887,19.6852,2,5
"820","kirby127a_3_1_ax.img","SylPostInsularSul_L",1598,1,135,31.4974,18.8025,2,5
"821","kirby127a_3_1_ax.img","SylPostInsularSul_R",1462,1,132,36.069,20.6196,2,5
"822","kirby127a_3_1_ax.img","SylExtSMG_L",640,0,69,23.2345,15.5229,2,5
"823","kirby127a_3_1_ax.img","SylExtSMG_R",288,1,68,28.7958,16.0944,2,5
"824","kirby127a_3_1_ax.img","ParietSul_L",8739,0,88,27.4541,16.8708,2,5
"825","kirby127a_3_1_ax.img","ParietSul_R",9728,0,98,28.8671,18.0696,2,5
"826","kirby127a_3_1_ax.img","CinguSul_L",1173,1,103,45.2682,19.012,2,5
"827","kirby127a_3_1_ax.img","CinguSul_R",1419,1,133,42.3173,21.0417,2,5
"828","kirby127a_3_1_ax.img","OcciptSul_L",1934,0,112,32.0993,19.2229,2,5
"829","kirby127a_3_1_ax.img","OcciptSul_R",2054,0,120,34.54,19.996,2,5
"830","kirby127a_3_1_ax.img","TempSul_L",1139,1,97,34.5616,17.1574,2,5
"831","kirby127a_3_1_ax.img","TempSul_R",910,2,161,37.2256,16.8987,2,5
"832","kirby127a_3_1_ax.img","Caudate_tail_L",363,45,222,131.9139,34.6275,2,5
"833","kirby127a_3_1_ax.img","Caudate_tail_R",345,16,248,138.892,44.368,2,5
"834","kirby127a_3_1_ax.img","Chroid_LVetc_L",444,23,258,104.8297,35.4827,2,5
"835","kirby127a_3_1_ax.img","Chroid_LVetc_R",371,17,224,103.4401,36.2548,2,5
"836","kirby127a_3_1_ax.img","IV_ventricle",2700,3,227,64.2627,40.7481,2,5
